Hotel,Overall Rating,Total Reviews,Cleanliness,Staff and Service,Amenities,Property Conditions and Facilities,Eco-Friendliness
Hamilton Inn Select Beachfront,7.6 out of 10 Good,"1,586 verified reviews",8.0/10,8.0/10,7.0/10,7.6/10,7.6/10
Grand Beach Resort Hotel,9.2 out of 10 Wonderful,"1,643 verified reviews",9.4/10,9.4/10,8.8/10,9.2/10,8.8/10
Comfort Inn,8.8 out of 10 Excellent,995 verified reviews,9.2/10,9.0/10,8.6/10,8.8/10,8.6/10
Days Inn by Wyndham Cadillac,8.2 out of 10 Very good,871 verified reviews,8.6/10,8.6/10,8.2/10,8.0/10,8.6/10
Hampton Inn Gaylord,8.6 out of 10 Excellent,670 verified reviews,8.8/10,9.0/10,8.4/10,8.4/10,8.4/10
"The Godfrey Detroit, Curio Collection By Hilton",9.2 out of 10 Wonderful,560 verified reviews,9.8/10,9.2/10,9.2/10,9.6/10,9.4/10
Sugar Beach Resort Hotel,9.0 out of 10 Wonderful,"1,235 verified reviews",9.0/10,9.2/10,8.6/10,8.8/10,8.6/10
Oakridge Motel,7.4 out of 10 Good,3 verified reviews,8.0/10,8.8/10,8.0/10,7.4/10,7.0/10
St. Clair Inn,9.2 out of 10 Wonderful,327 verified reviews,9.6/10,9.4/10,8.6/10,9.2/10,9.0/10
White Pines Inn & Suites,8.2 out of 10 Very good,"1,004 verified reviews",8.4/10,8.8/10,8.0/10,7.8/10,7.8/10
The Baywatch Resort,9.4 out of 10 Exceptional,"1,373 verified reviews",9.6/10,9.6/10,8.8/10,9.6/10,9.2/10
Howard Johnson by Wyndham Traverse City,8.4 out of 10 Very good,"1,001 verified reviews",8.6/10,8.8/10,7.8/10,8.0/10,8.2/10
"Country Inn & Suites by Radisson, Dundee, MI",8.8 out of 10 Excellent,"1,000 verified reviews",8.8/10,9.0/10,8.4/10,8.6/10,8.4/10
"My Place Hotel - Marquette, MI",9.2 out of 10 Wonderful,820 verified reviews,9.4/10,9.4/10,8.4/10,9.4/10,9.0/10
Hampton Inn Muskegon,8.4 out of 10 Very good,934 verified reviews,8.8/10,9.0/10,8.2/10,8.4/10,8.2/10
"Holiday Inn Jackson NW - Airport Road, an IHG Hotel",8.4 out of 10 Very good,456 verified reviews,9.0/10,8.6/10,8.2/10,9.0/10,9.0/10
Pointes North Beachfront Hotel,8.2 out of 10 Very good,"1,002 verified reviews",8.0/10,8.8/10,7.6/10,7.6/10,8.0/10
All Seasons Resort,8.6 out of 10 Excellent,926 verified reviews,8.6/10,9.0/10,8.2/10,8.4/10,8.4/10
Manistee National Golf and Resort,9.2 out of 10 Wonderful,144 verified reviews,9.6/10,9.6/10,9.4/10,9.4/10,9.2/10
Atheneum Suite Hotel,9.0 out of 10 Wonderful,"1,346 verified reviews",9.0/10,9.4/10,8.6/10,8.8/10,8.8/10
The Inn on Ferry Street,9.6 out of 10 Exceptional,"1,000 verified reviews",9.8/10,9.8/10,9.2/10,9.4/10,9.2/10
Microtel Inn & Suites by Wyndham Ann Arbor,8.6 out of 10 Excellent,"1,001 verified reviews",9.0/10,8.8/10,8.0/10,8.6/10,8.6/10
Coastal Inn,8.6 out of 10 Excellent,209 verified reviews,9.0/10,8.8/10,8.0/10,8.6/10,8.2/10
AmericInn by Wyndham Douglas/Saugatuck,8.0 out of 10 Very good,"1,000 verified reviews",8.2/10,8.6/10,7.8/10,8.0/10,8.4/10
Super 8 by Wyndham Manistee,8.4 out of 10 Very good,"1,000 verified reviews",8.6/10,8.8/10,7.6/10,8.4/10,8.2/10
"My Place Hotel - Wixom/Novi/Detroit, MI",9.0 out of 10 Wonderful,542 verified reviews,9.2/10,9.0/10,8.6/10,9.4/10,8.8/10
"Country Inn & Suites by Radisson, Big Rapids, MI",8.8 out of 10 Excellent,"1,004 verified reviews",9.0/10,9.2/10,8.4/10,8.8/10,8.6/10
AmericInn by Wyndham Charlevoix,8.2 out of 10 Very good,611 verified reviews,8.6/10,8.8/10,7.8/10,8.0/10,8.0/10
Tru By Hilton Traverse City,9.6 out of 10 Exceptional,105 verified reviews,9.8/10,9.8/10,9.4/10,9.6/10,9.6/10
Best Western Plus Flint Airport Inn & Suites,8.2 out of 10 Very good,"1,004 verified reviews",8.4/10,8.8/10,7.8/10,8.2/10,7.8/10
"EVEN Hotel Ann Arbor S - University Area, an IHG Hotel",8.6 out of 10 Excellent,668 verified reviews,9.0/10,9.0/10,8.8/10,8.6/10,9.4/10
Best Western Plus Traverse City,9.0 out of 10 Wonderful,695 verified reviews,9.2/10,9.6/10,8.8/10,8.8/10,8.8/10
Terrace Bay Hotel,8.0 out of 10 Very good,955 verified reviews,8.2/10,8.6/10,7.8/10,7.4/10,8.6/10
Honor Motel,9.4 out of 10 Exceptional,161 verified reviews,9.6/10,9.6/10,8.2/10,9.2/10,8.8/10
Baymont by Wyndham Beulah,8.2 out of 10 Very good,709 verified reviews,8.6/10,8.4/10,8.2/10,8.0/10,8.8/10
Graduate Ann Arbor,9.0 out of 10 Wonderful,"1,006 verified reviews",9.2/10,9.2/10,8.6/10,9.2/10,9.0/10
Home2 Suites by Hilton Troy,8.6 out of 10 Excellent,374 verified reviews,8.8/10,9.0/10,8.8/10,9.0/10,9.0/10
Hampton Inn & Suites Detroit / Airport - Romulus,9.0 out of 10 Wonderful,"1,003 verified reviews",9.4/10,9.4/10,8.8/10,9.2/10,8.8/10
Saint John's Resort,9.4 out of 10 Exceptional,"1,004 verified reviews",9.6/10,9.6/10,9.2/10,9.6/10,9.4/10
Hampton Inn & Suites Manistee Waterfront,9.6 out of 10 Exceptional,103 verified reviews,10.0/10,9.8/10,9.6/10,10.0/10,9.8/10
Days Inn by Wyndham Petoskey,7.8 out of 10 Good,"1,002 verified reviews",7.8/10,8.4/10,7.6/10,7.2/10,7.4/10
Fairfield Inn & Suites by Marriott New Buffalo,8.4 out of 10 Very good,"1,001 verified reviews",8.8/10,8.6/10,7.8/10,8.6/10,8.4/10
Harbor Lights Resort,9.2 out of 10 Wonderful,547 verified reviews,9.6/10,9.4/10,8.6/10,9.0/10,9.4/10
Clear Lake Resort,9.4 out of 10 Exceptional,72 verified reviews,9.6/10,9.4/10,9.4/10,9.2/10,9.2/10
Ramada by Wyndham Hancock Waterfront,8.8 out of 10 Excellent,712 verified reviews,9.2/10,9.2/10,8.4/10,8.6/10,8.6/10
Pinestead Reef Resort,8.6 out of 10 Excellent,413 verified reviews,8.4/10,8.8/10,8.2/10,7.8/10,7.6/10
Park Place Hotel,8.2 out of 10 Very good,"1,002 verified reviews",8.4/10,8.4/10,7.4/10,7.8/10,7.8/10
Empire Lakeshore Inn,8.6 out of 10 Excellent,771 verified reviews,9.2/10,8.6/10,8.2/10,8.8/10,8.6/10
Bay Inn of Petoskey,8.6 out of 10 Excellent,783 verified reviews,9.0/10,8.6/10,8.0/10,8.4/10,8.2/10
Baymont by Wyndham Mt. Pleasant,9.0 out of 10 Wonderful,"1,002 verified reviews",9.2/10,9.4/10,8.6/10,9.0/10,8.8/10
Quality Inn,8.6 out of 10 Excellent,"1,000 verified reviews",8.8/10,9.0/10,8.4/10,8.6/10,8.6/10
AmericInn by Wyndham Iron Mountain,8.8 out of 10 Excellent,960 verified reviews,9.0/10,9.2/10,8.6/10,8.8/10,8.4/10
Coastal Suites Resort,9.0 out of 10 Wonderful,279 verified reviews,9.4/10,9.2/10,8.6/10,9.0/10,8.6/10
AmericInn by Wyndham Ironwood,9.0 out of 10 Wonderful,590 verified reviews,9.2/10,9.2/10,8.6/10,9.0/10,8.6/10
"Holiday Inn Express Mackinaw City, an IHG Hotel",8.8 out of 10 Excellent,"1,003 verified reviews",8.8/10,9.0/10,8.4/10,8.4/10,8.6/10
Econo Lodge Lakeshore,8.8 out of 10 Excellent,332 verified reviews,9.0/10,9.2/10,8.0/10,8.6/10,8.4/10
Nader's Motel & Suites,9.0 out of 10 Wonderful,502 verified reviews,9.4/10,9.2/10,9.0/10,9.2/10,9.2/10
"The Hotel Ojibway, Trademark Collection by Wyndham",7.8 out of 10 Good,750 verified reviews,8.0/10,8.4/10,7.2/10,7.2/10,7.8/10
AmericInn by Wyndham Menominee,9.0 out of 10 Wonderful,705 verified reviews,9.2/10,9.2/10,8.8/10,8.8/10,8.8/10
Manistee Hotel,8.0 out of 10 Very good,"1,003 verified reviews",8.0/10,8.6/10,7.6/10,7.4/10,7.8/10
Frankenmuth Motel,9.4 out of 10 Exceptional,"1,002 verified reviews",9.6/10,9.6/10,8.6/10,9.2/10,9.0/10
Courtyard by Marriott Detroit Pontiac/Auburn Hills,8.2 out of 10 Very good,744 verified reviews,8.6/10,8.6/10,7.6/10,8.6/10,8.6/10
Motel Bear Lake,10 out of 10 Exceptional,12 verified reviews,10.0/10,9.2/10,8.8/10,9.4/10,9.0/10
AmericInn by Wyndham Silver City,9.0 out of 10 Wonderful,691 verified reviews,9.2/10,9.2/10,8.8/10,9.0/10,8.8/10
Wyndham Garden Ann Arbor,7.0 out of 10 Good,"1,003 verified reviews",7.2/10,7.8/10,6.8/10,6.4/10,7.2/10
Baymont by Wyndham Muskegon,7.8 out of 10 Good,"1,001 verified reviews",7.8/10,8.4/10,7.4/10,7.4/10,7.4/10
Stafford's Bay View Inn,9.4 out of 10 Exceptional,500 verified reviews,9.8/10,9.8/10,9.4/10,9.4/10,9.2/10
Baraga Lakeside Inn,9.0 out of 10 Wonderful,147 verified reviews,9.0/10,9.4/10,9.0/10,8.6/10,8.6/10
Ann Arbor Regent Hotel & Suites,8.8 out of 10 Excellent,"1,001 verified reviews",9.2/10,9.2/10,8.8/10,8.8/10,8.8/10
Fairfield by Marriott Mt Pleasant,8.4 out of 10 Very good,572 verified reviews,8.6/10,8.8/10,8.2/10,8.4/10,8.4/10
Sonesta Simply Suites Detroit Novi,8.0 out of 10 Very good,408 verified reviews,8.2/10,8.6/10,7.0/10,7.8/10,7.4/10
Super 8 by Wyndham Grayling,8.2 out of 10 Very good,842 verified reviews,8.6/10,8.8/10,7.8/10,8.0/10,7.8/10
Days Inn & Suites by Wyndham Traverse City,7.4 out of 10 Good,"1,002 verified reviews",7.4/10,8.0/10,6.8/10,7.0/10,7.4/10
Hyatt Place Ann Arbor,9.4 out of 10 Exceptional,"1,005 verified reviews",9.6/10,9.4/10,9.0/10,9.6/10,9.2/10
St. Ignace Budget Host Inn,9.2 out of 10 Wonderful,674 verified reviews,9.4/10,9.2/10,8.6/10,9.0/10,8.8/10
Baymont by Wyndham Chelsea,8.2 out of 10 Very good,833 verified reviews,8.4/10,8.8/10,7.8/10,8.0/10,7.6/10
Hotel Royal Oak,8.2 out of 10 Very good,893 verified reviews,8.4/10,9.0/10,8.2/10,7.8/10,8.8/10
"Holiday Inn Detroit Metro Airport, an IHG Hotel",8.6 out of 10 Excellent,919 verified reviews,9.0/10,8.8/10,8.2/10,8.8/10,8.6/10
American Inn and Suites Houghton Lake,8.2 out of 10 Very good,"1,005 verified reviews",8.2/10,8.6/10,8.0/10,7.8/10,8.2/10
"Holiday Inn Express South Haven, an IHG Hotel",9.6 out of 10 Exceptional,271 verified reviews,9.8/10,9.6/10,9.6/10,9.8/10,9.6/10
The Earl,9.4 out of 10 Exceptional,344 verified reviews,9.6/10,9.6/10,9.0/10,9.4/10,9.0/10
Best Western Greenfield Inn,8.4 out of 10 Very good,"1,001 verified reviews",8.6/10,8.8/10,8.6/10,8.4/10,8.4/10
Delta Hotels by Marriott Detroit Metro Airport,8.2 out of 10 Very good,"1,002 verified reviews",8.6/10,8.6/10,8.2/10,8.4/10,8.2/10
Days Inn by Wyndham Imlay City,8.6 out of 10 Excellent,682 verified reviews,9.0/10,8.8/10,8.6/10,8.6/10,8.6/10
Tamarack Lodge of Traverse City,9.2 out of 10 Wonderful,46 verified reviews,9.6/10,9.2/10,8.6/10,9.4/10,8.8/10
Baymont by Wyndham Holland,7.6 out of 10 Good,"1,004 verified reviews",7.8/10,8.0/10,7.0/10,7.4/10,7.6/10
Adoba Hotel Naubinway,8.0 out of 10 Very good,647 verified reviews,8.8/10,8.6/10,7.0/10,8.0/10,8.0/10
Red Roof Inn PLUS+ Ann Arbor - U of Michigan North,7.0 out of 10 Good,"1,000 verified reviews",7.2/10,8.0/10,6.4/10,6.6/10,6.8/10
Baymont by Wyndham Gaylord,8.0 out of 10 Very good,"1,001 verified reviews",8.2/10,8.6/10,7.8/10,7.6/10,8.0/10
Comfort Inn & Suites,8.6 out of 10 Excellent,"1,001 verified reviews",8.8/10,8.8/10,8.4/10,8.6/10,8.6/10
Best Western Plus Wayland Hotel,9.0 out of 10 Wonderful,231 verified reviews,9.4/10,9.2/10,9.0/10,9.2/10,9.0/10
Magnuson Grand Pioneer Inn and Suites,8.0 out of 10 Very good,854 verified reviews,8.4/10,8.6/10,7.4/10,7.8/10,7.6/10
Hampton Inn Grand Rapids-North,8.6 out of 10 Excellent,684 verified reviews,9.0/10,9.0/10,8.6/10,8.8/10,8.6/10
Comfort Inn Downtown,7.4 out of 10 Good,"1,002 verified reviews",7.2/10,8.4/10,7.0/10,7.0/10,6.8/10
"Country Inn & Suites by Radisson, Kalamazoo, MI",6.2 out of 10 Good,902 verified reviews,6.6/10,7.4/10,5.6/10,6.2/10,6.0/10
"Shoreline Inn & Conference Center, Ascend Hotel Collection",8.8 out of 10 Excellent,"1,001 verified reviews",9.0/10,9.2/10,8.4/10,8.6/10,8.6/10
"Fort Pontchartrain Detroit, a Wyndham Hotel",7.6 out of 10 Good,"1,621 verified reviews",8.0/10,8.2/10,7.4/10,7.6/10,7.8/10
Best Western Lakewinds,8.4 out of 10 Very good,"1,001 verified reviews",8.8/10,8.8/10,8.4/10,8.4/10,8.4/10
Delta Hotels by Marriott Detroit Novi,8.6 out of 10 Excellent,275 verified reviews,9.0/10,8.8/10,8.8/10,8.8/10,8.4/10
Comfort Inn & Suites Diamondale â€“ Lansing,8.0 out of 10 Very good,375 verified reviews,8.2/10,8.6/10,7.2/10,7.8/10,7.4/10
Grand Traverse Resort And Spa,7.8 out of 10 Good,904 verified reviews,8.2/10,8.2/10,7.6/10,8.0/10,8.0/10
Best Western Plaza Hotel Saugatuck,7.8 out of 10 Good,926 verified reviews,8.2/10,8.2/10,7.8/10,7.6/10,8.0/10
Hyatt Place Grand Rapids-South,8.8 out of 10 Excellent,"1,001 verified reviews",9.0/10,9.0/10,8.4/10,9.0/10,8.8/10
The Comstock Inn and Conference Center,8.2 out of 10 Very good,629 verified reviews,8.2/10,8.8/10,7.6/10,7.8/10,7.6/10
"Country Inn & Suites by Radisson, Holland, MI",8.0 out of 10 Very good,"1,001 verified reviews",8.0/10,8.6/10,7.8/10,7.8/10,8.0/10
Quality Suites Lansing,9.0 out of 10 Wonderful,727 verified reviews,9.2/10,9.4/10,8.8/10,8.8/10,8.6/10
Elk Rapids Lakeshore Inn,8.6 out of 10 Excellent,396 verified reviews,9.0/10,9.2/10,8.0/10,8.6/10,8.4/10
Days Inn & Suites by Wyndham Mt Pleasant,7.6 out of 10 Good,"1,005 verified reviews",7.8/10,8.2/10,7.2/10,7.4/10,7.6/10
Old Harbor Inn,9.2 out of 10 Wonderful,377 verified reviews,9.4/10,9.4/10,8.6/10,9.0/10,8.8/10
Hampton Inn Detroit Southfield,9.4 out of 10 Exceptional,53 verified reviews,10.0/10,9.8/10,9.4/10,10.0/10,9.8/10
Super 8 by Wyndham Houghton,8.6 out of 10 Excellent,"1,001 verified reviews",9.0/10,8.8/10,8.4/10,8.6/10,8.4/10
"Holiday Inn Express & Suites Allen Park, an IHG Hotel",9.0 out of 10 Wonderful,"1,003 verified reviews",9.2/10,9.2/10,9.0/10,9.2/10,9.0/10
The Townsend Hotel,9.2 out of 10 Wonderful,492 verified reviews,9.6/10,9.4/10,9.0/10,9.4/10,9.2/10
Ramada by Wyndham Marquette,7.6 out of 10 Good,839 verified reviews,8.0/10,8.4/10,7.6/10,7.2/10,7.6/10
Days Inn by Wyndham Alpena,8.0 out of 10 Very good,"1,002 verified reviews",8.6/10,8.6/10,7.8/10,7.8/10,8.0/10
Days Inn by Wyndham Iron Mountain,7.8 out of 10 Good,811 verified reviews,8.2/10,8.6/10,7.0/10,7.6/10,7.4/10
Baymont by Wyndham Grand Rapids Airport,7.6 out of 10 Good,"1,001 verified reviews",7.6/10,8.2/10,7.2/10,7.2/10,7.2/10
Hyatt Place Flint / Grand Blanc,9.4 out of 10 Exceptional,277 verified reviews,9.6/10,9.4/10,9.4/10,9.6/10,9.4/10
Best Western Lapeer Inn,8.2 out of 10 Very good,510 verified reviews,8.4/10,8.8/10,8.0/10,8.0/10,8.0/10
Independence Stay,9.4 out of 10 Exceptional,377 verified reviews,9.8/10,9.4/10,9.0/10,9.8/10,9.4/10
Comfort Inn & Suites,9.6 out of 10 Exceptional,279 verified reviews,9.8/10,9.8/10,9.6/10,9.8/10,9.4/10
Home2 Suites By Hilton Grand Rapids South,9.6 out of 10 Exceptional,168 verified reviews,9.8/10,9.6/10,9.2/10,9.8/10,9.8/10
AmericInn by Wyndham Iron River,9.0 out of 10 Wonderful,298 verified reviews,9.2/10,9.2/10,9.0/10,8.8/10,9.0/10
Best Western of Harbor Springs,9.4 out of 10 Exceptional,871 verified reviews,9.6/10,9.6/10,9.4/10,9.6/10,9.2/10
AmericInn by Wyndham Oscoda Near AuSable River,8.6 out of 10 Excellent,177 verified reviews,8.8/10,9.2/10,7.4/10,8.4/10,7.6/10
Courtyard by Marriott Lansing,8.2 out of 10 Very good,487 verified reviews,8.6/10,8.6/10,7.4/10,8.2/10,8.0/10
Royal Park Hotel,9.4 out of 10 Exceptional,"1,000 verified reviews",9.6/10,9.4/10,9.0/10,9.6/10,9.2/10
"Holiday Inn & Suites Detroit - Troy, an IHG Hotel",8.6 out of 10 Excellent,125 verified reviews,9.0/10,9.0/10,8.8/10,9.2/10,8.8/10
"Country Inn & Suites by Radisson, Lansing, MI",7.6 out of 10 Good,"1,005 verified reviews",7.8/10,8.4/10,7.4/10,7.2/10,7.0/10
"Country Inn & Suites by Radisson, Grandville-Grand Rapids West, MI",8.4 out of 10 Very good,841 verified reviews,8.8/10,8.6/10,8.2/10,8.8/10,8.0/10
Four Points by Sheraton Kalamazoo,8.0 out of 10 Very good,734 verified reviews,8.4/10,8.6/10,7.6/10,8.0/10,8.0/10
adoba hotel Lockview,8.2 out of 10 Very good,"1,002 verified reviews",8.2/10,8.6/10,7.4/10,7.6/10,7.8/10
Somerset Inn,8.2 out of 10 Very good,"1,002 verified reviews",8.8/10,8.6/10,7.8/10,8.2/10,8.0/10
"Country Inn & Suites by Radisson, Houghton, MI",9.2 out of 10 Wonderful,887 verified reviews,9.6/10,9.4/10,9.4/10,9.4/10,9.2/10
Sheraton Detroit Novi Hotel,8.6 out of 10 Excellent,"1,002 verified reviews",8.8/10,8.8/10,8.2/10,8.8/10,8.6/10
Tru by Hilton Chesterfield Township Detroit,8.0 out of 10 Very good,73 verified reviews,8.8/10,8.2/10,8.6/10,8.6/10,8.8/10
Comfort Inn & Suites,8.4 out of 10 Very good,715 verified reviews,8.8/10,9.0/10,8.4/10,8.4/10,8.6/10
Drummond Island Resort,8.6 out of 10 Excellent,234 verified reviews,9.0/10,8.8/10,8.2/10,8.6/10,8.4/10
Wingate by Wyndham Brighton,7.6 out of 10 Good,"1,000 verified reviews",8.0/10,8.2/10,7.6/10,7.4/10,7.8/10
"Holiday Inn Express And Suites Detroit Dearborn, an IHG Hotel",8.4 out of 10 Very good,376 verified reviews,8.8/10,8.6/10,8.6/10,9.0/10,8.6/10
"Candlewood Suites Detroit Sterling Heights, an IHG Hotel",9.0 out of 10 Wonderful,178 verified reviews,9.4/10,9.0/10,8.6/10,9.4/10,9.2/10
Magnuson Country Inn Ishpeming,7.8 out of 10 Good,527 verified reviews,8.2/10,8.2/10,7.2/10,7.6/10,8.0/10
Comfort Suites Benton Harbor - St. Joseph,7.4 out of 10 Good,778 verified reviews,7.8/10,8.0/10,6.0/10,7.4/10,6.4/10
Big Bear Lodge,8.8 out of 10 Excellent,466 verified reviews,9.4/10,9.6/10,8.6/10,8.4/10,8.6/10
SpringHill Suites by Marriott Detroit Metro Airport Romulus,8.2 out of 10 Very good,"1,002 verified reviews",8.4/10,8.6/10,7.8/10,8.2/10,8.2/10
"Country Inn & Suites by Radisson, Dearborn, MI",6.8 out of 10 Good,"1,002 verified reviews",7.2/10,7.4/10,6.8/10,6.8/10,6.8/10
Home2 Suites By Hilton Grand Rapids Airport,9.0 out of 10 Wonderful,64 verified reviews,9.4/10,9.2/10,9.2/10,9.2/10,9.4/10
Residence Inn by Marriott Detroit Pontiac Auburn Hills,8.4 out of 10 Very good,379 verified reviews,8.6/10,8.8/10,7.8/10,8.2/10,8.4/10
Comfort Inn Birch Run - Frankenmuth,8.6 out of 10 Excellent,"1,001 verified reviews",8.6/10,9.0/10,8.4/10,8.6/10,8.6/10
Sonesta ES Suites Auburn Hills Detroit,8.6 out of 10 Excellent,958 verified reviews,8.6/10,9.0/10,8.0/10,8.6/10,8.0/10
Best Western Davison Inn,8.8 out of 10 Excellent,645 verified reviews,9.0/10,9.0/10,8.8/10,8.8/10,8.6/10
Hyatt Place Detroit/Auburn Hills,7.8 out of 10 Good,"1,002 verified reviews",8.2/10,8.4/10,7.8/10,8.0/10,7.6/10
Super 8 by Wyndham Big Rapids,7.6 out of 10 Good,766 verified reviews,7.6/10,8.2/10,7.6/10,7.4/10,7.6/10
Best Western Port Huron Blue Water Bridge,7.8 out of 10 Good,"1,004 verified reviews",8.0/10,8.6/10,7.4/10,7.4/10,7.2/10
Rodeway Inn,7.0 out of 10 Good,856 verified reviews,7.0/10,7.6/10,5.8/10,6.6/10,5.8/10
AmericInn by Wyndham Wetmore Munising,8.4 out of 10 Very good,"1,001 verified reviews",8.8/10,8.6/10,8.0/10,8.4/10,8.2/10
Sheraton Grand Rapids Airport Hotel,8.6 out of 10 Excellent,110 verified reviews,9.0/10,8.8/10,9.0/10,8.8/10,9.0/10
Best Western Plus of Birch Run/Frankenmuth,7.8 out of 10 Good,"1,001 verified reviews",8.2/10,8.4/10,7.6/10,7.6/10,7.8/10
"The Lakeview Hotel, Shanty Creek Resort",8.0 out of 10 Very good,701 verified reviews,8.4/10,8.2/10,8.0/10,7.6/10,7.8/10
American Inn & Suites Waterford,6.4 out of 10 Good,713 verified reviews,6.6/10,7.4/10,5.4/10,6.0/10,5.4/10
Hyatt Place Detroit Royal Oak,9.2 out of 10 Wonderful,632 verified reviews,9.4/10,9.4/10,8.8/10,9.4/10,9.2/10
Best Western DeWitt,8.2 out of 10 Very good,332 verified reviews,8.4/10,8.6/10,8.0/10,8.0/10,8.0/10
"Holiday Inn Express & Suites Marquette, an IHG Hotel",9.0 out of 10 Wonderful,"1,000 verified reviews",9.4/10,9.4/10,8.8/10,9.2/10,8.8/10
Alma Motel Alma,7.6 out of 10 Good,383 verified reviews,8.0/10,7.8/10,7.2/10,7.0/10,7.6/10
Dunes Express Inn & Suites,8.2 out of 10 Very good,434 verified reviews,8.2/10,8.8/10,8.2/10,8.0/10,8.0/10
Treetops Resort,7.6 out of 10 Good,267 verified reviews,8.0/10,8.2/10,8.0/10,7.4/10,8.2/10
Cherry Tree Inn & Suites,9.2 out of 10 Wonderful,"1,003 verified reviews",9.2/10,9.4/10,9.0/10,9.0/10,9.0/10
Comfort Inn Whitehall near Michigan's Adventure,8.2 out of 10 Very good,898 verified reviews,8.2/10,9.0/10,7.8/10,8.0/10,7.8/10
Comfort Inn Metro Airport,8.0 out of 10 Very good,"1,004 verified reviews",7.8/10,8.6/10,7.4/10,7.6/10,7.6/10
Hotel Frankfort & Restaurant,9.0 out of 10 Wonderful,621 verified reviews,9.4/10,9.4/10,8.6/10,8.8/10,8.8/10
Homewood Suites by Hilton Detroit-Troy,8.8 out of 10 Excellent,755 verified reviews,9.0/10,9.2/10,8.6/10,8.8/10,8.4/10
Tru By Hilton Novi Detroit,9.0 out of 10 Wonderful,81 verified reviews,9.0/10,9.0/10,8.8/10,9.0/10,9.0/10
Magnuson Hotel Copper Crown,8.0 out of 10 Very good,661 verified reviews,8.4/10,8.6/10,8.0/10,7.6/10,7.6/10
"CityFlatsHotel - Grand Rapids, Ascend Hotel Collection",8.4 out of 10 Very good,"1,005 verified reviews",9.0/10,9.0/10,7.8/10,8.6/10,8.8/10
La Quinta Inn & Suites by Wyndham Detroit Utica,7.8 out of 10 Good,"1,004 verified reviews",8.2/10,8.4/10,7.2/10,8.0/10,7.8/10
Lincoln Host Motor Inn,9.0 out of 10 Wonderful,815 verified reviews,9.4/10,9.2/10,7.8/10,8.8/10,8.6/10
Woodyzzz Motel,9.6 out of 10 Exceptional,272 verified reviews,9.8/10,9.8/10,9.2/10,9.6/10,9.6/10
SpringHill Suites by Marriott Detroit Dearborn,8.8 out of 10 Excellent,174 verified reviews,9.4/10,9.0/10,8.2/10,9.2/10,9.0/10
"Country Inn & Suites By Radisson, Battle Creek, MI",6.6 out of 10 Good,639 verified reviews,6.8/10,7.4/10,6.2/10,6.2/10,6.0/10
Wingate by Wyndham Detroit Metro Airport,7.4 out of 10 Good,883 verified reviews,7.4/10,8.0/10,6.6/10,7.2/10,7.2/10
Hyatt Place Lansing - East,8.8 out of 10 Excellent,"1,002 verified reviews",9.2/10,9.0/10,8.4/10,9.2/10,8.8/10
Kewadin Sault Ste Marie Hotel,8.0 out of 10 Very good,"1,003 verified reviews",8.2/10,8.2/10,7.8/10,7.8/10,7.8/10
Microtel Inn & Suites by Wyndham Holland,7.2 out of 10 Good,"1,003 verified reviews",7.4/10,7.8/10,6.8/10,7.0/10,7.0/10
Ramada by Wyndham Alpena,7.2 out of 10 Good,"1,001 verified reviews",7.2/10,7.8/10,7.4/10,6.8/10,7.0/10
Courtyard by Marriott Detroit Farmington,8.6 out of 10 Excellent,422 verified reviews,9.0/10,8.6/10,8.0/10,9.0/10,8.4/10
Trumbull and Porter Hotel,7.8 out of 10 Good,"1,001 verified reviews",8.2/10,8.4/10,7.0/10,7.8/10,7.6/10
Sonesta Select Detroit Novi,8.2 out of 10 Very good,686 verified reviews,8.6/10,8.6/10,7.0/10,8.4/10,7.8/10
Best Western Plus Coldwater Hotel,7.8 out of 10 Good,788 verified reviews,8.0/10,8.4/10,7.2/10,7.8/10,6.8/10
The Harrington Inn,9.8 out of 10 Exceptional,387 verified reviews,9.8/10,9.8/10,9.6/10,9.8/10,9.6/10
Quality Inn,7.4 out of 10 Good,"1,002 verified reviews",7.4/10,8.0/10,7.2/10,7.2/10,7.0/10
Baymont by Wyndham Detroit Airport/Romulus,7.6 out of 10 Good,"1,165 verified reviews",7.2/10,8.4/10,7.2/10,7.0/10,7.4/10
Fairfield Inn & Suites by Marriott Detroit Livonia,9.0 out of 10 Wonderful,605 verified reviews,9.2/10,9.2/10,8.8/10,9.0/10,8.8/10
Baymont by Wyndham Bridgeport/Frankenmuth,7.8 out of 10 Good,"1,003 verified reviews",8.0/10,8.6/10,7.8/10,7.6/10,7.8/10
Super 8 by Wyndham Houghton Lake,7.8 out of 10 Good,755 verified reviews,8.2/10,8.4/10,7.2/10,7.6/10,8.0/10
Ramada Hotel & Conference Center by Wyndham Lansing,7.2 out of 10 Good,"1,001 verified reviews",7.2/10,8.0/10,7.0/10,6.4/10,7.2/10
Quality Inn & Suites Ann Arbor Hwy 23,5.4 out of 10,"1,003 verified reviews",5.8/10,6.0/10,4.8/10,5.2/10,4.6/10
Pine Mountain Ski & Golf Resort,8.2 out of 10 Very good,212 verified reviews,8.8/10,8.8/10,8.4/10,8.0/10,8.4/10
Fairfield Inn & Suites by Marriott Detroit Metro Airport Romulus,8.4 out of 10 Very good,788 verified reviews,8.8/10,8.6/10,8.0/10,8.6/10,8.4/10
Relax Inn,8.8 out of 10 Excellent,432 verified reviews,9.2/10,8.8/10,7.4/10,8.6/10,8.2/10
Allen Park Motor Lodge,7.6 out of 10 Good,460 verified reviews,7.8/10,8.4/10,7.0/10,7.4/10,7.4/10
"Country Inn & Suites by Radisson, Benton Harbor-St. Joseph, MI",7.4 out of 10 Good,819 verified reviews,7.8/10,8.2/10,7.2/10,7.4/10,7.2/10
Rodeway Inn,7.2 out of 10 Good,787 verified reviews,7.4/10,7.6/10,6.4/10,6.8/10,7.0/10
"Candlewood Suites Detroit - Auburn Hills, an IHG Hotel",9.2 out of 10 Wonderful,96 verified reviews,9.6/10,9.4/10,9.0/10,9.6/10,9.4/10
Daxton Hotel,9.4 out of 10 Exceptional,308 verified reviews,9.6/10,9.4/10,9.2/10,9.6/10,9.4/10
"Holiday Inn Express & Suites Ann Arbor West, an IHG Hotel",9.0 out of 10 Wonderful,652 verified reviews,9.4/10,9.4/10,9.0/10,9.4/10,8.6/10
Quality Inn & Suites,8.0 out of 10 Very good,380 verified reviews,8.4/10,8.8/10,7.8/10,7.6/10,7.6/10
Sheraton Ann Arbor Hotel,8.8 out of 10 Excellent,"1,001 verified reviews",9.0/10,8.8/10,8.4/10,8.8/10,8.6/10
Super 8 by Wyndham Adrian,7.8 out of 10 Good,433 verified reviews,8.2/10,8.4/10,7.4/10,7.8/10,7.4/10
Baymont by Wyndham Howell/Brighton,7.4 out of 10 Good,932 verified reviews,7.6/10,8.2/10,7.0/10,7.2/10,6.8/10
Baymont by Wyndham Jackson,7.0 out of 10 Good,"1,002 verified reviews",7.2/10,7.6/10,6.8/10,6.8/10,6.8/10
Wingate by Wyndham Roseville/Detroit,6.8 out of 10 Good,510 verified reviews,7.2/10,7.8/10,5.8/10,7.0/10,5.0/10
Super 8 by Wyndham Three Rivers,7.8 out of 10 Good,617 verified reviews,8.0/10,8.2/10,6.6/10,7.8/10,7.0/10
Best Western Okemos/East Lansing Hotel & Suites,8.6 out of 10 Excellent,"1,000 verified reviews",8.8/10,9.0/10,8.4/10,8.8/10,8.4/10
Sheraton Detroit Metro Airport,8.0 out of 10 Very good,"1,003 verified reviews",8.4/10,8.4/10,8.0/10,8.2/10,8.6/10
Ramada Hotel & Conference Center by Wyndham Grayling,7.0 out of 10 Good,"1,002 verified reviews",7.0/10,7.8/10,7.0/10,6.4/10,7.0/10
"Cityflatshotel - Port Huron, Ascend Hotel Collection",8.6 out of 10 Excellent,24 verified reviews,8.8/10,8.6/10,8.4/10,8.6/10,8.6/10
Radisson Hotel Southfield-Detroit,7.8 out of 10 Good,"1,004 verified reviews",8.0/10,8.2/10,7.6/10,7.8/10,7.8/10
MainStay Suites,9.6 out of 10 Exceptional,82 verified reviews,9.6/10,9.6/10,9.6/10,9.6/10,9.4/10
The Westin Southfield Detroit,8.0 out of 10 Very good,"1,006 verified reviews",8.4/10,8.4/10,8.0/10,8.4/10,8.4/10
Sonesta ES Suites Detroit Warren,8.0 out of 10 Very good,477 verified reviews,8.0/10,8.6/10,7.4/10,8.0/10,7.6/10
Comfort Inn Detroit - Troy,8.0 out of 10 Very good,199 verified reviews,8.0/10,8.4/10,7.4/10,7.8/10,7.8/10
American Inn and Suites Dundee,7.0 out of 10 Good,655 verified reviews,7.0/10,8.0/10,6.2/10,6.4/10,6.4/10
Budget Host Inn,8.0 out of 10 Very good,309 verified reviews,8.6/10,8.4/10,7.4/10,7.8/10,8.0/10
Woodspring Suites East Lansing - University Area,8.6 out of 10 Excellent,22 verified reviews,9.4/10,8.4/10,7.0/10,9.4/10,8.4/10
Baymont by Wyndham Downtown Detroit,5.0 out of 10,"1,001 verified reviews",5.0/10,6.4/10,4.4/10,4.6/10,5.0/10
Baymont by Wyndham Grand Rapids N/Walker,7.2 out of 10 Good,"1,003 verified reviews",7.4/10,8.0/10,6.8/10,7.0/10,7.0/10
"Americas Best Value Inn Charlotte, MI",7.8 out of 10 Good,455 verified reviews,8.0/10,8.4/10,7.6/10,7.6/10,8.2/10
WoodSpring Suites Grand Rapids Kentwood,8.4 out of 10 Very good,119 verified reviews,9.0/10,8.6/10,7.4/10,9.0/10,8.8/10
Radisson Plaza Hotel at Kalamazoo Center,8.8 out of 10 Excellent,"1,001 verified reviews",9.2/10,9.0/10,8.8/10,9.0/10,8.6/10
Quality Inn & Suites,7.0 out of 10 Good,428 verified reviews,7.2/10,7.8/10,5.8/10,6.8/10,6.2/10
"Country Inn & Suites by Radisson, Novi, MI",7.8 out of 10 Good,"1,006 verified reviews",7.8/10,8.0/10,7.6/10,7.8/10,7.8/10
"Holiday Inn Grand Rapids Airport, an IHG Hotel",8.4 out of 10 Very good,"1,002 verified reviews",8.6/10,8.8/10,8.2/10,8.4/10,8.4/10
Americas Best Value Inn Birch Run,8.2 out of 10 Very good,"1,003 verified reviews",8.4/10,8.8/10,7.6/10,8.0/10,8.0/10
Extended Stay America Suites - Detroit - Rochester Hills,7.0 out of 10 Good,268 verified reviews,7.4/10,7.2/10,6.4/10,7.6/10,5.6/10
Marvin's Garden Inn,6.6 out of 10 Good,902 verified reviews,7.0/10,6.8/10,5.8/10,6.6/10,5.8/10
Travelodge by Wyndham Romulus Detroit Airport,5.8 out of 10,"1,001 verified reviews",6.0/10,6.8/10,5.2/10,5.6/10,5.4/10
Americas Best Value Inn Marquette,6.8 out of 10 Good,"1,002 verified reviews",7.4/10,7.8/10,6.4/10,6.4/10,6.8/10
Extended Stay America Select Suites Detroit Sterling Heights,6.6 out of 10 Good,445 verified reviews,6.6/10,7.2/10,6.2/10,6.6/10,6.6/10
Best Western Detroit Livonia,8.0 out of 10 Very good,"1,003 verified reviews",8.2/10,8.6/10,7.8/10,7.8/10,8.0/10
Courtyard by Marriott Detroit Metropolitan Airport Romulus,8.4 out of 10 Very good,"1,001 verified reviews",8.8/10,8.8/10,7.8/10,8.4/10,8.2/10
Comfort Inn Wings Stadium,8.0 out of 10 Very good,"1,004 verified reviews",8.4/10,8.4/10,7.8/10,8.0/10,8.0/10
Extended Stay America Select Suites Detroit Novi Haggerty Rd,7.0 out of 10 Good,706 verified reviews,7.0/10,7.4/10,6.8/10,6.8/10,7.4/10
Great Wolf Lodge Traverse City,8.8 out of 10 Excellent,935 verified reviews,9.0/10,9.0/10,8.8/10,9.0/10,8.6/10
Quality Inn Detroit Downtown,5.4 out of 10,"1,000 verified reviews",5.4/10,7.0/10,4.8/10,4.8/10,5.0/10
Super 8 by Wyndham Escanaba,7.0 out of 10 Good,"1,002 verified reviews",7.2/10,7.6/10,6.6/10,6.6/10,6.4/10
Extended Stay America Select Suites - Grand Rapids - Wyoming,7.0 out of 10 Good,524 verified reviews,7.8/10,7.2/10,6.2/10,7.6/10,7.0/10
Quality Inn & Suites Warren - Detroit,8.0 out of 10 Very good,"1,000 verified reviews",8.4/10,8.4/10,7.0/10,8.0/10,7.6/10
Baymont by Wyndham Madison Heights Detroit Area,6.6 out of 10 Good,8 verified reviews,7.0/10,7.2/10,9.0/10,6.8/10,5.2/10
Red Roof Inn Detroit - Dearborn/Greenfield Village,6.8 out of 10 Good,"1,000 verified reviews",7.0/10,7.8/10,6.2/10,6.6/10,5.8/10
Gladstone Motel,8.0 out of 10 Very good,34 verified reviews,8.4/10,8.0/10,7.8/10,7.4/10,7.4/10
Best Western Woodhaven Inn,7.6 out of 10 Good,709 verified reviews,8.0/10,8.2/10,7.4/10,7.6/10,7.0/10
La Quinta Inn by Wyndham Detroit Canton,7.4 out of 10 Good,"1,001 verified reviews",7.4/10,8.2/10,6.8/10,7.0/10,6.6/10
Baymont by Wyndham Flat Rock,7.0 out of 10 Good,544 verified reviews,7.2/10,8.0/10,6.6/10,6.8/10,6.2/10
Extended Stay America Suites Detroit Metropolitan Airport,6.8 out of 10 Good,382 verified reviews,7.0/10,7.4/10,6.2/10,6.6/10,6.8/10
Maple Lane Empire,8.4 out of 10 Very good,198 verified reviews,8.6/10,8.4/10,7.6/10,8.2/10,8.4/10
Extended Stay America Suites Detroit Dearborn,6.6 out of 10 Good,548 verified reviews,7.0/10,7.4/10,6.4/10,6.6/10,6.2/10
Bayside Hotel of Mackinac,6.8 out of 10 Good,"1,001 verified reviews",6.8/10,7.4/10,6.2/10,6.4/10,6.8/10
Days Inn & Suites by Wyndham Roseville/Detroit Area,6.6 out of 10 Good,"1,001 verified reviews",6.8/10,7.6/10,6.6/10,6.6/10,6.0/10
Inn at the Alpine by Budget Host,8.6 out of 10 Excellent,348 verified reviews,9.2/10,9.4/10,8.0/10,8.4/10,8.6/10
Wyndham Garden Romulus Detroit Metro Airport,5.8 out of 10,"1,006 verified reviews",5.8/10,6.6/10,6.0/10,5.4/10,5.8/10
La Quinta Inn by Wyndham Detroit Southgate,6.8 out of 10 Good,"1,001 verified reviews",6.6/10,7.8/10,6.0/10,6.4/10,6.4/10
Village Suites Bay Harbor,8.8 out of 10 Excellent,339 verified reviews,9.2/10,8.8/10,8.4/10,8.8/10,8.8/10
The Inn At Harbor Shores,9.0 out of 10 Wonderful,746 verified reviews,9.4/10,9.2/10,8.8/10,9.2/10,8.8/10
Comfort Suites Auburn Hills-Detroit,6.8 out of 10 Good,884 verified reviews,6.8/10,7.4/10,5.2/10,6.4/10,5.2/10
Quality Inn & Suites,6.8 out of 10 Good,"1,000 verified reviews",6.8/10,7.8/10,6.4/10,6.4/10,5.6/10
Red Roof Inn Detroit - Roseville/ St Clair Shores,6.8 out of 10 Good,"1,001 verified reviews",7.0/10,7.6/10,6.2/10,6.8/10,6.4/10
Travelodge by Wyndham Lansing,6.4 out of 10 Good,601 verified reviews,6.2/10,7.8/10,5.6/10,6.0/10,5.8/10
Extended Stay America Suites Detroit Auburn Hills Feathersto,6.6 out of 10 Good,543 verified reviews,6.6/10,7.0/10,6.4/10,6.6/10,6.4/10
Magnuson Hotel Detroit Airport,6.0 out of 10 Good,663 verified reviews,6.0/10,7.0/10,5.8/10,5.6/10,6.2/10
Red Roof Inn Detroit-Rochester Hills/Auburn Hills,7.2 out of 10 Good,"1,002 verified reviews",7.2/10,7.8/10,6.4/10,7.0/10,6.2/10
Red Roof Inn Grand Rapids Airport,6.2 out of 10 Good,"1,000 verified reviews",6.2/10,7.0/10,5.4/10,6.0/10,5.4/10
Baymont by Wyndham Canton,5.6 out of 10,"1,000 verified reviews",5.4/10,7.0/10,5.8/10,5.2/10,5.2/10
Knights Inn Battle Creek,6.2 out of 10 Good,519 verified reviews,6.2/10,6.8/10,5.8/10,5.6/10,5.8/10
Clarion Inn I-94 near Expo Center,6.8 out of 10 Good,673 verified reviews,7.2/10,7.6/10,6.4/10,6.6/10,6.8/10
Sonesta Simply Suites Detroit Southfield,6.6 out of 10 Good,658 verified reviews,6.8/10,7.4/10,6.2/10,6.8/10,6.4/10
Wyndham Garden Grand Rapids Airport,5.4 out of 10,"1,002 verified reviews",5.4/10,6.6/10,5.4/10,5.2/10,5.2/10
Bay Valley Resort & Conference Centre,7.6 out of 10 Good,684 verified reviews,8.2/10,8.2/10,7.2/10,7.2/10,6.8/10
A Victory Inn & Suites - Ann Arbor,3.6 out of 10,"1,002 verified reviews",3.6/10,4.8/10,3.4/10,3.2/10,3.8/10
Comfort Inn Utica,8.6 out of 10 Excellent,"1,001 verified reviews",8.6/10,9.2/10,8.2/10,8.2/10,8.2/10
Radisson Hotel Grand Rapids Riverfront,6.8 out of 10 Good,"1,004 verified reviews",6.6/10,7.6/10,6.4/10,6.4/10,6.4/10
